{"train_loss":0.0017302090764430575,"val_loss":0.011801533585474349,"_timestamp":1.7762543807899191e+09,"_step":201,"_wandb":{"runtime":372},"_runtime":372,"grad_norm":0.025443744391866217}